Timestamp,User Count,Type,Name,Requests/s,Failures/s,10%,20%,30%,40%,50%,66%,75%,80%,90%,95%,98%,99%,99.9%,99.99%,100%,Total Request Count,Total Failure Count,Total Median Response Time,Total Average Response Time,Total Min Response Time,Total Max Response Time,Total Average Content Size
1624487306,1,,Aggregated,0.000000,0.000000,N/A,N/A,N/A,N/A,N/A,N/A,N/A,N/A,N/A,N/A,N/A,N/A,N/A,N/A,N/A,0,0,0,0,0,0,0
1624487307,250,,Aggregated,0.000000,0.000000,64,71,78,84,91,100,110,110,130,150,160,170,200,200,200,448,0,91,93.93461220313425,47.83193300045241,195.03156400060107,10099.984375
1624487308,449,,Aggregated,0.000000,0.000000,69,78,87,93,100,110,120,130,150,160,180,190,230,230,230,948,0,100.0,104.37043993038284,47.83193300045241,229.20924899972306,10042.727848101265
1624487309,500,,Aggregated,85.000000,0.000000,60,72,82,90,97,110,120,130,140,160,180,190,230,240,240,1329,0,97,99.95679727013656,35.276625000733475,238.37164700034918,9887.821670428893
1624487310,500,,Aggregated,282.000000,0.000000,50,60,70,80,89,100,110,120,140,150,170,190,230,240,240,1636,0,89,92.2008717090497,34.76456499993219,238.37164700034918,9816.932151589242
1624487311,500,,Aggregated,353.000000,0.000000,47,54,62,72,83,98,110,120,130,150,170,190,230,240,240,1922,0,83,86.75199776066675,34.76456499993219,238.37164700034918,9769.506763787722
1624487312,500,,Aggregated,348.750000,0.000000,45,51,57,66,75,93,100,110,130,150,170,180,220,240,240,2205,0,75,82.54502805487247,34.25983499982976,238.37164700034918,9758.984126984127
1624487313,500,,Aggregated,338.200000,0.000000,45,50,55,62,71,89,99,110,130,140,160,180,220,240,240,2514,0,71,79.45304321002031,34.25983499982976,238.37164700034918,9715.789578361177
1624487314,500,,Aggregated,332.500000,0.000000,45,49,53,59,67,84,95,100,120,140,160,180,220,240,240,2816,0,67,77.014131462354,34.25983499982976,238.37164700034918,9728.928267045454
1624487315,500,,Aggregated,322.857143,0.000000,45,48,52,57,64,81,93,100,120,140,160,180,210,240,240,3090,0,64,75.09114296860213,34.25983499982976,238.37164700034918,9725.891262135923
1624487316,500,,Aggregated,321.250000,0.000000,44,48,52,56,63,77,90,97,120,140,160,170,210,240,240,3381,0,63,73.49147331705802,34.25983499982976,238.37164700034918,9721.887015675835
1624487317,500,,Aggregated,318.666667,0.000000,44,48,51,55,61,75,88,95,120,130,160,170,210,240,240,3686,0,61,72.0962078350446,34.25983499982976,238.37164700034918,9725.082202930005
1624487318,500,,Aggregated,314.900000,0.000000,44,47,51,55,60,74,85,93,110,130,150,170,210,240,240,3965,0,60,71.02089870314495,34.25983499982976,238.37164700034918,9719.570744010089
1624487319,500,,Aggregated,335.000000,0.000000,44,47,51,54,60,72,84,92,110,130,150,170,210,240,240,4250,0,60,70.17425149293565,34.25983499982976,238.37164700034918,9730.064705882352
1624487320,500,,Aggregated,317.500000,0.000000,44,47,51,54,59,72,83,90,110,130,150,170,240,320,320,4566,0,59,69.94326649933706,34.25983499982976,317.29540700052894,9733.897284275077
1624487321,500,,Aggregated,295.200000,0.000000,44,47,50,54,59,70,81,89,110,130,150,170,240,320,320,4855,0,59,69.18073042676993,34.25983499982976,317.29540700052894,9748.89001029866
1624487322,500,,Aggregated,290.800000,0.000000,44,47,50,54,58,70,79,87,110,130,150,170,230,320,320,5146,0,58,68.44928533093099,34.25983499982976,317.29540700052894,9759.141663427905
1624487323,500,,Aggregated,291.600000,0.000000,44,47,50,54,58,69,78,86,110,130,150,170,230,320,320,5432,0,58,68.08714446446601,34.25983499982976,317.29540700052894,9775.037187039765
1624487324,500,,Aggregated,290.100000,0.000000,44,47,50,54,58,69,78,85,100,130,150,160,230,320,320,5769,0,58,67.79840316016258,34.25983499982976,317.29540700052894,9802.776391055642
1624487325,500,,Aggregated,292.800000,0.000000,44,47,50,54,58,69,77,85,100,130,150,170,220,320,320,6058,0,58,67.61234339963495,34.25983499982976,317.29540700052894,9811.88015846814
1624487326,500,,Aggregated,290.200000,0.000000,44,47,50,54,58,68,76,84,100,120,150,160,220,320,320,6330,0,58,67.19313215702967,34.25983499982976,317.29540700052894,9831.157030015798
1624487327,500,,Aggregated,292.900000,0.000000,44,47,50,54,57,67,76,83,100,120,150,160,220,320,320,6641,0,57,66.781275928475,34.25983499982976,317.29540700052894,9845.381870200272
1624487328,500,,Aggregated,293.700000,0.000000,44,47,50,53,57,67,75,82,100,120,150,160,220,320,320,6923,0,57,66.3387631203247,34.25983499982976,317.29540700052894,9837.184024266937
1624487329,500,,Aggregated,293.200000,0.000000,44,47,50,53,57,66,74,81,100,120,140,160,220,320,320,7215,0,57,65.90304743977863,34.25983499982976,317.29540700052894,9837.700207900209
1624487330,500,,Aggregated,293.300000,0.000000,44,47,50,53,57,66,74,81,100,120,140,160,220,320,320,7527,0,57,65.69114790819737,34.25983499982976,317.29540700052894,9849.184535671582
1624487331,500,,Aggregated,294.800000,0.000000,44,47,50,53,57,66,73,80,99,120,140,160,220,320,320,7792,0,57,65.35818887718281,34.25983499982976,317.29540700052894,9852.38321355236
1624487332,500,,Aggregated,294.400000,0.000000,44,47,50,53,57,66,73,79,98,120,140,160,220,320,320,8106,0,57,65.19279387207227,34.25983499982976,317.29540700052894,9868.51344682951
1624487333,500,,Aggregated,294.100000,0.000000,44,47,50,53,57,66,73,79,97,120,140,160,220,320,320,8401,0,57,65.06328324497258,34.25983499982976,317.29540700052894,9876.366146887276
1624487334,500,,Aggregated,292.400000,0.000000,44,47,50,53,57,65,73,79,97,120,140,160,220,320,320,8707,0,57,64.95697571264806,34.25983499982976,317.29540700052894,9895.47467554841
1624487335,500,,Aggregated,294.100000,0.000000,44,47,50,53,57,65,73,79,96,120,140,160,220,320,320,9002,0,57,64.8985838283756,34.25983499982976,317.29540700052894,9911.983337036214
1624487336,500,,Aggregated,294.100000,0.000000,44,47,50,53,57,65,72,78,96,110,140,160,220,320,320,9287,0,57,64.6345916800935,34.25983499982976,317.29540700052894,9917.999892322601
1624487337,500,,Aggregated,292.200000,0.000000,44,47,50,53,57,65,72,78,95,110,140,150,220,320,320,9598,0,57,64.4405859309253,34.25983499982976,317.29540700052894,9919.801312773494
1624487338,500,,Aggregated,293.100000,0.000000,44,47,50,53,56,65,72,77,95,110,140,150,220,320,320,9896,0,56,64.27866256093564,34.25983499982976,317.29540700052894,9926.970088924818
1624487339,500,,Aggregated,293.500000,0.000000,44,47,50,53,56,65,72,77,94,110,140,150,210,310,320,10191,0,56,64.09262865077172,34.25983499982976,317.29540700052894,9936.06908056128
1624487340,500,,Aggregated,293.800000,0.000000,44,47,50,53,56,65,72,77,94,110,130,150,210,310,320,10496,0,56,64.03170764024465,33.60247599994182,317.29540700052894,9950.377191310976
1624487341,500,,Aggregated,294.900000,0.000000,44,47,50,53,56,64,71,77,94,110,130,150,210,310,320,10776,0,56,63.8066872854504,33.60247599994182,317.29540700052894,9958.015682999257
1624487342,500,,Aggregated,294.900000,0.000000,44,47,50,53,56,64,71,76,94,110,130,150,210,310,320,11092,0,56,63.71485436630202,33.60247599994182,317.29540700052894,9968.463847818248
1624487344,500,,Aggregated,295.600000,0.000000,44,47,50,53,56,64,71,76,93,110,130,150,210,310,320,11389,0,56,63.53223104680258,33.60247599994182,317.29540700052894,9980.701115111073
1624487345,500,,Aggregated,296.300000,0.000000,44,47,50,53,56,64,71,76,93,110,130,150,210,310,320,11690,0,56,63.403676203680064,33.60247599994182,317.29540700052894,9984.893071000855
1624487346,500,,Aggregated,297.400000,0.000000,44,47,50,53,56,64,71,76,93,110,130,150,210,310,320,11978,0,56,63.262661744283,33.60247599994182,317.29540700052894,9988.697194857239
1624487347,500,,Aggregated,296.700000,0.000000,44,47,50,52,56,64,71,76,92,110,130,150,210,310,320,12274,0,56,63.160484674841946,33.60247599994182,317.29540700052894,9997.975232198143
1624487348,500,,Aggregated,295.600000,0.000000,44,47,49,52,56,64,70,75,92,110,130,150,210,310,320,12543,0,56,62.99550951534871,33.60247599994182,317.29540700052894,10000.548991469346
1624487349,500,,Aggregated,296.400000,0.000000,44,47,49,52,56,64,70,75,92,110,130,150,210,310,320,12847,0,56,62.937249003815424,33.60247599994182,317.29540700052894,10007.285047092706
1624487350,500,,Aggregated,292.400000,0.000000,44,47,49,52,56,63,70,75,92,110,130,150,210,310,320,13119,0,56,62.79733187148586,33.60247599994182,317.29540700052894,10011.027441115939
1624487351,500,,Aggregated,293.100000,0.000000,44,47,49,52,56,63,70,75,92,110,130,150,210,310,320,13425,0,56,62.75079003136157,33.60247599994182,317.29540700052894,10015.377653631285
1624487352,500,,Aggregated,291.200000,0.000000,44,47,50,52,56,63,70,75,91,110,130,150,210,310,320,13733,0,56,62.7762863530927,33.60247599994182,317.29540700052894,10023.877885385567
1624487353,500,,Aggregated,290.400000,0.000000,44,47,50,52,56,63,70,75,91,110,130,150,200,310,320,14018,0,56,62.75448695477408,33.60247599994182,317.29540700052894,10034.192823512627
1624487354,500,,Aggregated,294.100000,0.000000,44,47,50,52,56,63,70,75,91,110,130,150,200,310,320,14308,0,56,62.718694560388066,33.60247599994182,317.29540700052894,10045.313461000838
1624487355,500,,Aggregated,290.500000,0.000000,44,47,50,53,56,63,70,75,91,110,130,140,200,310,320,14606,0,56,62.669418863619754,33.60247599994182,317.29540700052894,10054.89490620293
1624487356,500,,Aggregated,289.900000,0.000000,44,47,50,53,56,63,70,75,91,110,130,140,200,310,320,14912,0,56,62.719902347574084,33.60247599994182,317.29540700052894,10060.344487660945
1624487357,500,,Aggregated,289.300000,0.000000,44,47,50,52,56,63,70,75,91,110,130,140,200,310,320,15191,0,56,62.59420983714185,33.60247599994182,317.29540700052894,10063.971430452242
1624487358,500,,Aggregated,291.700000,0.000000,44,47,50,52,56,63,70,74,91,100,130,140,200,310,320,15454,0,56,62.50803191387458,33.60247599994182,317.29540700052894,10066.427138604891
1624487359,500,,Aggregated,289.200000,0.000000,44,47,50,53,56,63,70,75,91,100,130,140,200,310,320,15786,0,56,62.58378388521665,33.60247599994182,317.29540700052894,10073.052514886609
1624487360,500,,Aggregated,290.000000,0.000000,44,47,50,52,56,63,70,74,90,100,130,140,200,310,320,16048,0,56,62.47609502386717,33.60247599994182,317.29540700052894,10077.560381355932
1624487361,500,,Aggregated,291.100000,0.000000,44,47,50,52,56,63,70,74,90,100,130,140,200,310,320,16357,0,56,62.37997870978909,33.60247599994182,317.29540700052894,10078.810600965948
1624487362,500,,Aggregated,291.200000,0.000000,44,47,50,52,56,63,70,74,90,100,130,140,200,310,320,16651,0,56,62.28984345426835,33.60247599994182,317.29540700052894,10081.270013812984
1624487363,500,,Aggregated,291.700000,0.000000,44,47,50,52,56,63,70,74,90,100,130,140,200,310,320,16953,0,56,62.28654218162102,33.60247599994182,317.29540700052894,10088.383353978646
1624487364,500,,Aggregated,289.700000,0.000000,44,47,50,52,56,63,70,74,90,100,120,140,200,310,320,17250,0,56,62.27404138782737,33.60247599994182,317.29540700052894,10091.055420289855
1624487365,500,,Aggregated,291.000000,0.000000,44,47,50,53,56,63,70,74,90,100,120,140,200,310,320,17570,0,56,62.32708058332547,33.60247599994182,317.29540700052894,10097.126522481503
1624487366,500,,Aggregated,291.300000,0.000000,44,47,50,52,56,63,69,74,90,100,120,140,200,310,320,17858,0,56,62.251764924125354,33.60247599994182,317.29540700052894,10101.151528726621
1624487367,500,,Aggregated,294.900000,0.000000,44,47,50,52,56,63,69,74,89,100,120,140,200,310,320,18144,0,56,62.158001726743535,33.60247599994182,317.29540700052894,10105.23792989418
1624487368,500,,Aggregated,291.500000,0.000000,44,47,50,52,56,63,69,74,89,100,120,140,200,310,320,18435,0,56,62.15841174543134,33.60247599994182,317.29540700052894,10106.442907512883
1624487369,500,,Aggregated,294.300000,0.000000,44,47,50,52,56,63,69,74,89,100,120,140,200,310,320,18730,0,56,62.09914618457196,33.60247599994182,317.29540700052894,10105.71382808329
1624487370,500,,Aggregated,293.900000,0.000000,44,47,50,52,56,63,69,74,89,100,120,140,200,310,320,18998,0,56,62.02086529866515,33.60247599994182,317.29540700052894,10106.939783135067
1624487371,500,,Aggregated,292.200000,0.000000,44,47,50,52,56,63,69,74,89,100,120,140,200,310,320,19305,0,56,61.965156414765204,33.60247599994182,317.29540700052894,10111.379072779073
1624487372,500,,Aggregated,292.500000,0.000000,44,47,50,52,56,63,69,74,89,100,120,140,200,310,320,19595,0,56,61.96334795075441,33.60247599994182,317.29540700052894,10116.900535850982
1624487373,500,,Aggregated,292.200000,0.000000,44,47,50,52,56,63,69,74,89,100,120,140,200,310,320,19912,0,56,61.9899860208935,33.60247599994182,317.29540700052894,10122.046705504219
1624487374,500,,Aggregated,291.900000,0.000000,44,47,50,52,56,63,69,74,89,100,120,140,200,260,320,20179,0,56,61.942134517023575,33.60247599994182,317.29540700052894,10121.936369493038
1624487375,500,,Aggregated,292.100000,0.000000,44,47,50,52,56,63,69,73,89,100,120,140,200,260,320,20456,0,56,61.873468936840574,33.60247599994182,317.29540700052894,10124.933564724286
1624487376,500,,Aggregated,291.300000,0.000000,44,47,50,52,56,63,69,74,89,100,120,140,200,260,320,20780,0,56,61.962533814966676,33.60247599994182,317.29540700052894,10130.644947064486
1624487377,500,,Aggregated,286.900000,0.000000,44,47,50,52,56,63,69,73,89,100,120,140,200,260,320,21067,0,56,61.87765813020388,33.60247599994182,317.29540700052894,10133.783832534295
1624487378,500,,Aggregated,289.600000,0.000000,44,47,50,52,56,63,69,73,89,100,120,140,200,260,320,21360,0,56,61.856676261142525,33.60247599994182,317.29540700052894,10135.322986891386
1624487379,500,,Aggregated,290.500000,0.000000,44,47,50,52,56,63,69,73,89,100,120,140,200,260,320,21667,0,56,61.86089328393384,33.60247599994182,317.29540700052894,10139.196889278626
1624487380,500,,Aggregated,292.100000,0.000000,44,47,50,52,56,63,69,73,89,100,120,140,200,260,320,21938,0,56,61.834850445710785,33.60247599994182,317.29540700052894,10142.47151062084
1624487381,500,,Aggregated,289.200000,0.000000,44,47,50,52,56,63,69,73,88,100,120,140,190,260,320,22236,0,56,61.77697885941754,33.60247599994182,317.29540700052894,10143.672827846734
1624487382,500,,Aggregated,291.000000,0.000000,44,47,50,52,55,63,69,73,88,100,120,140,190,260,320,22513,0,55,61.745260069248815,33.60247599994182,317.29540700052894,10142.557633367387
1624487383,500,,Aggregated,291.000000,0.000000,44,47,50,52,55,63,69,73,88,100,120,140,190,260,320,22795,0,55,61.70815718306621,33.60247599994182,317.29540700052894,10144.2859398991
1624487384,500,,Aggregated,289.300000,0.000000,44,47,50,52,56,63,69,73,88,100,120,140,190,260,320,23111,0,56,61.767043835272624,33.60247599994182,317.29540700052894,10149.376271039764
1624487385,500,,Aggregated,288.000000,0.000000,44,47,50,52,56,63,69,73,88,100,120,140,190,260,320,23391,0,56,61.762023787139675,33.60247599994182,317.29540700052894,10151.763883544952
1624487386,500,,Aggregated,289.700000,0.000000,44,47,50,52,56,63,69,73,88,100,120,140,190,260,320,23678,0,56,61.72383507867951,33.60247599994182,317.29540700052894,10154.242292423347
1624487387,500,,Aggregated,290.900000,0.000000,44,47,50,52,55,63,69,73,88,100,120,140,190,260,320,23975,0,55,61.668723546318,33.60247599994182,317.29540700052894,10153.746652763295
1624487388,500,,Aggregated,288.200000,0.000000,44,47,50,52,56,63,69,73,88,100,120,140,200,300,320,24285,0,56,61.74109649367866,33.60247599994182,317.29540700052894,10158.378258184064
1624487389,500,,Aggregated,287.000000,0.000000,44,47,50,52,55,63,69,73,88,100,120,140,200,300,320,24552,0,55,61.68449911400235,33.60247599994182,317.29540700052894,10158.548957315086
1624487390,500,,Aggregated,289.100000,0.000000,44,47,50,52,55,63,69,73,88,100,120,140,200,300,320,24859,0,55,61.66893860907435,33.60247599994182,317.29540700052894,10158.641658956514
1624487391,500,,Aggregated,288.800000,0.000000,44,47,50,52,55,63,69,73,88,100,120,130,200,300,320,25159,0,55,61.61672649385835,33.60247599994182,317.29540700052894,10158.447036845662
1624487392,500,,Aggregated,289.300000,0.000000,44,47,50,52,55,63,69,73,88,100,120,130,200,300,320,25492,0,55,61.64706309022376,33.60247599994182,317.29540700052894,10160.774360583713
1624487393,500,,Aggregated,289.900000,0.000000,44,47,50,52,56,63,69,73,88,100,120,140,200,300,320,25799,0,56,61.71143341520929,33.60247599994182,317.29540700052894,10164.765611070197
1624487394,500,,Aggregated,294.900000,0.000000,44,47,50,52,55,63,69,73,88,100,120,130,190,300,320,26071,0,55,61.67011956722001,33.60247599994182,317.29540700052894,10168.125848644087
1624487395,500,,Aggregated,297.700000,0.000000,44,47,50,52,55,63,69,73,88,100,120,130,190,300,320,26370,0,55,61.596519135342874,33.60247599994182,317.29540700052894,10168.712627986348
1624487396,500,,Aggregated,297.500000,0.000000,44,47,50,52,55,63,69,73,88,100,120,130,190,300,320,26652,0,55,61.605368721559074,33.60247599994182,317.29540700052894,10174.374305868227
1624487397,500,,Aggregated,294.200000,0.000000,44,47,50,52,55,63,69,73,88,100,120,130,190,300,320,26953,0,55,61.578476318145476,33.60247599994182,317.29540700052894,10177.832374874783
1624487398,500,,Aggregated,296.400000,0.000000,44,47,50,52,55,63,68,73,88,100,120,130,190,300,320,27233,0,55,61.5464295358194,33.60247599994182,317.29540700052894,10176.561414460397
1624487399,500,,Aggregated,297.200000,0.000000,44,47,49,52,55,63,68,73,88,100,120,130,190,300,320,27506,0,55,61.46979367959601,33.60247599994182,317.29540700052894,10176.735439540464
1624487400,500,,Aggregated,293.300000,0.000000,44,47,50,52,55,63,68,73,88,100,120,130,190,300,320,27828,0,55,61.46635321345252,33.60247599994182,317.29540700052894,10181.495040965934
1624487401,500,,Aggregated,294.300000,0.000000,44,47,49,52,55,62,68,73,88,100,120,130,190,300,320,28106,0,55,61.4090577511191,33.60247599994182,317.29540700052894,10179.569095566783
1624487402,500,,Aggregated,295.300000,0.000000,44,47,49,52,55,63,68,73,88,100,120,130,190,300,320,28383,0,55,61.4633993806133,33.60247599994182,317.29540700052894,10183.670612690696
1624487403,500,,Aggregated,292.600000,0.000000,44,47,50,52,55,63,68,73,88,100,120,130,190,300,320,28693,0,55,61.51176859226802,33.60247599994182,317.29540700052894,10185.670895340327
1624487404,500,,Aggregated,287.100000,0.000000,44,47,50,52,55,63,68,73,88,100,120,130,190,300,320,28978,0,55,61.45798118010035,33.60247599994182,317.29540700052894,10184.76292359721
1624487405,500,,Aggregated,288.400000,0.000000,44,47,49,52,55,63,68,73,88,100,120,130,190,300,320,29260,0,55,61.4246454928557,33.60247599994182,317.29540700052894,10186.663362952837
1624487406,500,,Aggregated,286.600000,0.000000,44,47,50,52,55,63,68,73,87,100,120,130,190,300,320,29585,0,55,61.42962335872776,33.60247599994182,317.29540700052894,10186.232279871556
1624487407,500,,Aggregated,289.400000,0.000000,44,47,49,52,55,62,68,73,87,100,120,130,190,300,320,29840,0,55,61.37362007590353,33.60247599994182,317.29540700052894,10188.450502680966
1624487408,500,,Aggregated,288.000000,0.000000,44,47,49,52,55,62,68,73,87,100,120,130,190,260,320,30153,0,55,61.376999010246436,33.60247599994182,317.29540700052894,10193.183729645474
1624487409,500,,Aggregated,286.600000,0.000000,44,47,49,52,55,62,68,73,87,100,120,130,200,330,400,30443,0,55,61.42495336280781,33.60247599994182,403.87193500009744,10192.608514272575
1624487410,500,,Aggregated,288.100000,0.000000,44,47,49,52,55,62,68,73,87,100,120,130,200,330,400,30742,0,55,61.41272255087349,33.60247599994182,403.87193500009744,10193.128065838268
1624487411,500,,Aggregated,290.400000,0.000000,44,47,49,52,55,62,68,73,87,100,120,130,200,330,400,31017,0,55,61.35398216039417,33.60247599994182,403.87193500009744,10195.335815842926
1624487412,500,,Aggregated,288.600000,0.000000,44,47,49,52,55,62,68,73,87,100,120,130,200,330,400,31307,0,55,61.33084088689288,33.60247599994182,403.87193500009744,10198.121410547163
1624487413,500,,Aggregated,290.600000,0.000000,44,47,49,52,55,62,68,73,87,100,120,130,200,330,400,31637,0,55,61.38232510904815,33.60247599994182,403.87193500009744,10202.296488289028
1624487414,500,,Aggregated,290.000000,0.000000,44,47,49,52,55,62,68,73,87,100,120,130,200,330,400,31904,0,55,61.34492121191573,33.55090399963956,403.87193500009744,10206.524417001003
1624487415,500,,Aggregated,289.600000,0.000000,44,47,49,52,55,62,68,73,87,100,120,130,200,330,400,32202,0,55,61.311366191353095,33.55090399963956,403.87193500009744,10207.217315694677
1624487416,500,,Aggregated,291.400000,0.000000,44,47,49,52,55,62,68,73,87,100,120,130,200,330,400,32501,0,55,61.31191469003871,33.55090399963956,403.87193500009744,10206.322697763146
1624487417,500,,Aggregated,289.100000,0.000000,44,47,49,52,55,62,68,73,87,100,120,130,200,330,400,32787,0,55,61.30068067959701,33.55090399963956,403.87193500009744,10211.608045871839
1624487418,500,,Aggregated,291.500000,0.000000,44,47,49,52,55,62,68,73,87,100,120,130,200,330,400,33083,0,55,61.305874372153134,33.55090399963956,403.87193500009744,10213.981289484025
1624487419,500,,Aggregated,290.800000,0.000000,44,47,49,52,55,62,68,73,87,100,120,130,200,330,400,33354,0,55,61.26088896063296,33.55090399963956,403.87193500009744,10212.473076692451
1624487420,500,,Aggregated,291.700000,0.000000,44,47,49,52,55,62,68,73,87,100,120,130,200,330,400,33679,0,55,61.347829396328464,33.55090399963956,403.87193500009744,10213.87728257965
1624487421,500,,Aggregated,289.800000,0.000000,44,47,49,52,55,63,68,73,87,100,120,130,200,330,400,33982,0,55,61.37329993313967,33.55090399963956,403.87193500009744,10218.649078924136
1624487422,500,,Aggregated,290.100000,0.000000,44,47,49,52,55,63,68,73,87,100,120,130,200,330,400,34260,0,55,61.37278999696299,33.55090399963956,403.87193500009744,10220.827524810275
1624487423,500,,Aggregated,291.900000,0.000000,44,47,50,52,55,63,68,73,87,100,120,130,200,330,400,34571,0,55,61.490207501864504,33.55090399963956,403.87193500009744,10223.087096121026
1624487424,500,,Aggregated,293.400000,0.000000,44,47,50,52,55,63,68,73,87,100,120,130,200,330,400,34868,0,55,61.49243965306212,33.55090399963956,403.87193500009744,10224.64388551107
1624487425,500,,Aggregated,292.000000,0.000000,44,47,50,52,56,63,69,73,88,100,120,130,200,330,400,35162,0,56,61.54159794240862,33.55090399963956,403.87193500009744,10226.352113076617
1624487426,500,,Aggregated,292.100000,0.000000,44,47,50,52,56,63,69,73,88,100,120,130,200,330,400,35461,0,56,61.57961507698519,33.55090399963956,403.87193500009744,10227.370886325823
1624487427,500,,Aggregated,293.600000,0.000000,44,47,50,52,56,63,69,73,88,100,120,130,200,330,400,35751,0,56,61.550510445804974,33.55090399963956,403.87193500009744,10228.727420212022
1624487428,500,,Aggregated,293.500000,0.000000,44,47,50,52,55,63,69,73,87,100,120,130,200,330,400,36046,0,55,61.52572221999566,33.55090399963956,403.87193500009744,10227.163263607612
1624487429,500,,Aggregated,294.100000,0.000000,44,47,50,52,55,63,68,73,87,100,120,130,200,330,400,36355,0,55,61.50368105985304,33.55090399963956,403.87193500009744,10230.716517672947
1624487430,500,,Aggregated,294.300000,0.000000,44,47,50,52,55,63,68,73,87,100,120,130,200,330,400,36672,0,55,61.51439019957882,33.55090399963956,403.87193500009744,10233.709287739965
1624487431,500,,Aggregated,294.200000,0.000000,44,47,50,52,55,63,68,73,87,100,120,130,200,330,400,36956,0,55,61.49472804618877,33.55090399963956,403.87193500009744,10234.002841216581
1624487432,500,,Aggregated,297.000000,0.000000,44,47,50,52,55,63,68,73,87,100,120,130,200,330,400,37256,0,55,61.472878355485065,33.55090399963956,403.87193500009744,10235.993799656431
1624487433,500,,Aggregated,295.100000,0.000000,44,47,50,52,55,63,68,73,87,100,120,130,200,330,400,37547,0,55,61.46316437041427,33.55090399963956,403.87193500009744,10236.41337523637
1624487434,500,,Aggregated,297.700000,0.000000,44,47,50,52,55,63,68,73,87,100,120,130,200,330,400,37843,0,55,61.44994518225167,33.55090399963956,403.87193500009744,10239.186824511798
1624487435,500,,Aggregated,296.300000,0.000000,44,47,50,52,55,63,68,73,87,100,120,130,200,330,400,38133,0,55,61.417085223059715,33.55090399963956,403.87193500009744,10238.750950620199
1624487436,500,,Aggregated,295.100000,0.000000,44,47,50,52,55,63,68,73,87,100,120,130,200,330,400,38415,0,55,61.39403214213043,33.55090399963956,403.87193500009744,10239.409397370819
1624487437,500,,Aggregated,296.000000,0.000000,44,47,50,52,55,63,68,73,87,100,120,130,200,330,400,38691,0,55,61.42379547721529,33.55090399963956,403.87193500009744,10241.900855496111
1624487438,500,,Aggregated,293.100000,0.000000,44,47,50,52,55,63,68,73,87,100,120,130,200,330,400,38985,0,55,61.44333711193916,33.55090399963956,403.87193500009744,10244.244863409003
1624487439,500,,Aggregated,293.200000,0.000000,44,47,50,52,55,63,68,73,87,100,120,130,200,330,400,39274,0,55,61.42702585677434,33.55090399963956,403.87193500009744,10245.698273667058
1624487440,500,,Aggregated,291.400000,0.000000,44,47,50,52,56,63,68,73,87,100,120,130,200,330,400,39590,0,56,61.460248579084755,33.55090399963956,403.87193500009744,10248.601919676687
1624487441,500,,Aggregated,292.400000,0.000000,44,47,50,52,56,63,68,73,87,100,120,130,200,330,400,39872,0,56,61.47067124909647,33.55090399963956,403.87193500009744,10250.52620886838
1624487442,500,,Aggregated,287.900000,0.000000,44,47,50,52,56,63,68,73,87,100,120,130,200,320,400,40148,0,56,61.47339120934993,33.55090399963956,403.87193500009744,10254.146582644216
1624487443,500,,Aggregated,291.600000,0.000000,44,47,50,52,56,63,69,73,87,100,120,130,200,320,400,40465,0,56,61.49453000088928,33.55090399963956,403.87193500009744,10255.362659088101
1624487444,500,,Aggregated,288.000000,0.000000,44,47,50,52,56,63,68,73,87,100,120,130,200,320,400,40766,0,56,61.48168049278776,33.55090399963956,403.87193500009744,10256.142128244124
1624487445,500,,Aggregated,288.000000,0.000000,44,47,50,52,56,63,69,73,87,100,120,130,210,380,430,41058,0,56,61.55207537008578,33.55090399963956,432.45355199996993,10257.593891568025
1624487446,500,,Aggregated,288.700000,0.000000,44,47,50,52,56,63,69,73,88,100,120,130,210,380,430,41376,0,56,61.60814671449588,33.55090399963956,432.45355199996993,10259.145519141532
1624487447,500,,Aggregated,288.700000,0.000000,44,47,50,52,56,63,69,73,88,100,120,130,210,380,430,41670,0,56,61.61168064770784,33.55090399963956,432.45355199996993,10261.551763858892
1624487448,500,,Aggregated,291.300000,0.000000,44,47,50,52,56,63,69,73,88,100,120,130,210,380,430,41974,0,56,61.6271948077617,33.55090399963956,432.45355199996993,10262.543812836519
1624487449,500,,Aggregated,294.900000,0.000000,44,47,50,52,56,63,69,73,88,100,120,130,210,380,430,42257,0,56,61.62284235142062,33.55090399963956,432.45355199996993,10264.434531556903
1624487450,500,,Aggregated,294.000000,0.000000,44,47,50,52,56,63,69,73,88,100,120,130,210,380,430,42545,0,56,61.61262069220787,33.55090399963956,432.45355199996993,10263.414666823364
1624487451,500,,Aggregated,296.400000,0.000000,44,47,50,52,56,63,69,73,87,100,120,130,210,380,430,42846,0,56,61.59593036565815,33.55090399963956,432.45355199996993,10264.541380758998
1624487452,500,,Aggregated,296.800000,0.000000,44,47,50,52,56,63,69,73,87,100,120,130,200,380,430,43137,0,56,61.583519489718576,33.55090399963956,432.45355199996993,10265.273037067946
1624487453,500,,Aggregated,292.200000,0.000000,44,47,50,52,56,63,69,73,87,100,120,130,200,380,430,43422,0,56,61.58633658419662,33.55090399963956,432.45355199996993,10264.980033162912
1624487454,500,,Aggregated,295.600000,0.000000,44,47,50,52,56,63,69,73,87,100,120,130,200,380,430,43750,0,56,61.59393963355405,33.55090399963956,432.45355199996993,10265.564525714286
1624487455,500,,Aggregated,295.300000,0.000000,44,47,50,52,56,63,69,73,87,100,120,130,200,380,430,44014,0,56,61.576325827531775,33.55090399963956,432.45355199996993,10266.625323760622
1624487456,500,,Aggregated,294.300000,0.000000,44,47,50,52,56,63,69,73,87,100,120,130,200,380,430,44304,0,56,61.55287878809996,33.55090399963956,432.45355199996993,10265.1206437342
1624487457,500,,Aggregated,297.100000,0.000000,44,47,50,52,56,63,69,73,87,100,120,130,200,380,430,44588,0,56,61.54390247017081,33.55090399963956,432.45355199996993,10268.24555934332
1624487458,500,,Aggregated,293.400000,0.000000,44,47,50,52,56,63,69,73,87,100,120,130,200,380,430,44883,0,56,61.546524924670074,33.55090399963956,432.45355199996993,10266.753113651048
1624487459,500,,Aggregated,289.800000,0.000000,44,47,50,52,56,63,69,73,87,100,120,130,200,380,430,45169,0,56,61.52629265307975,33.55090399963956,432.45355199996993,10268.289579136133
1624487460,500,,Aggregated,290.400000,0.000000,44,47,50,52,56,63,69,73,87,100,120,130,200,380,430,45462,0,56,61.53830226769521,33.55090399963956,432.45355199996993,10269.515551449562
1624487461,500,,Aggregated,288.000000,0.000000,44,47,50,52,56,63,69,73,87,100,120,130,200,380,430,45765,0,56,61.525724262776414,33.55090399963956,432.45355199996993,10267.6102043046
1624487462,500,,Aggregated,288.100000,0.000000,44,47,50,52,56,63,68,73,87,100,120,130,200,380,430,46048,0,56,61.49424328287802,33.55090399963956,432.45355199996993,10267.862860493398
1624487463,500,,Aggregated,289.300000,0.000000,44,47,50,52,56,63,68,73,87,100,120,130,200,380,430,46329,0,56,61.468801541431155,33.55090399963956,432.45355199996993,10267.18157093829
1624487464,500,,Aggregated,288.700000,0.000000,44,47,50,52,56,63,68,73,87,100,120,130,200,380,430,46629,0,56,61.47471336644486,33.55090399963956,432.45355199996993,10269.314889875399
1624487465,500,,Aggregated,287.400000,0.000000,44,47,50,52,56,63,68,73,87,100,120,130,200,380,430,46933,0,56,61.46119020122221,33.55090399963956,432.45355199996993,10270.609166258284
1624487466,500,,Aggregated,287.900000,0.000000,44,47,50,52,56,63,69,73,87,100,120,130,200,380,430,47263,0,56,61.48092018585288,33.55090399963956,432.45355199996993,10270.957852865879
1624487467,500,,Aggregated,285.500000,0.000000,44,47,50,52,56,63,68,73,87,100,120,130,200,380,430,47519,0,56,61.445676334644375,33.55090399963956,432.45355199996993,10271.844020286622
1624487468,500,,Aggregated,289.500000,0.000000,44,47,50,52,56,63,69,73,87,100,120,130,200,380,430,47811,0,56,61.46973929520341,33.55090399963956,432.45355199996993,10272.000083662755
1624487469,500,,Aggregated,293.100000,0.000000,44,47,50,52,56,63,69,73,87,100,120,130,200,380,430,48132,0,56,61.469825196500665,33.55090399963956,432.45355199996993,10273.077723759661
1624487471,500,,Aggregated,290.700000,0.000000,44,47,50,52,56,63,68,73,87,100,120,130,200,380,430,48404,0,56,61.4450058670971,33.55090399963956,432.45355199996993,10273.636352367574
1624487472,500,,Aggregated,294.600000,0.000000,44,47,50,52,56,63,68,73,87,100,120,130,200,380,430,48691,0,56,61.417097620175895,33.55090399963956,432.45355199996993,10275.144153950421
1624487473,500,,Aggregated,292.000000,0.000000,44,47,50,52,56,63,68,73,87,100,120,130,200,380,430,48995,0,56,61.402498949055584,33.55090399963956,432.45355199996993,10277.565976120013
1624487474,500,,Aggregated,290.800000,0.000000,44,47,50,52,55,63,68,73,87,100,120,130,200,380,430,49293,0,55,61.382404824781844,33.55090399963956,432.45355199996993,10278.795914227172
1624487475,500,,Aggregated,293.600000,0.000000,44,47,50,52,55,63,68,73,87,100,120,130,200,380,430,49587,0,55,61.36696302732522,33.55090399963956,432.45355199996993,10279.028092040253
1624487476,500,,Aggregated,294.300000,0.000000,44,47,50,52,56,63,68,73,87,100,120,130,200,380,430,49881,0,56,61.37548849231101,33.55090399963956,432.45355199996993,10280.452496942724
1624487477,500,,Aggregated,293.100000,0.000000,44,47,50,52,56,63,68,73,87,100,120,130,200,370,430,50225,0,56,61.409204165892795,33.55090399963956,432.45355199996993,10282.891767048282
1624487478,500,,Aggregated,292.000000,0.000000,44,47,50,52,56,63,68,73,87,100,120,130,200,370,430,50513,0,56,61.403012559162214,33.55090399963956,432.45355199996993,10283.560766535347
1624487479,500,,Aggregated,293.300000,0.000000,44,47,50,52,56,63,68,73,87,100,120,130,200,370,430,50821,0,56,61.411696176816136,33.55090399963956,432.45355199996993,10286.189862458432
1624487480,500,,Aggregated,296.500000,0.000000,44,47,50,52,56,63,68,73,87,100,120,130,200,370,430,51100,0,56,61.375669415557354,33.55090399963956,432.45355199996993,10286.6371037182
1624487481,500,,Aggregated,298.400000,0.000000,44,47,50,52,56,63,68,73,87,100,120,130,200,370,430,51399,0,56,61.357553119204404,33.55090399963956,432.45355199996993,10287.677912021634
1624487482,500,,Aggregated,294.700000,0.000000,44,47,50,52,55,63,68,73,87,100,120,130,200,370,430,51685,0,55,61.327298895366006,33.55090399963956,432.45355199996993,10288.354687046532
1624487483,500,,Aggregated,296.900000,0.000000,44,47,50,52,55,63,68,73,87,100,120,130,200,370,430,51966,0,55,61.31792262827599,33.55090399963956,432.45355199996993,10288.58986645114
1624487484,500,,Aggregated,296.000000,0.000000,44,47,50,52,55,63,68,73,87,100,120,130,200,370,430,52270,0,55,61.33050065035375,33.55090399963956,432.45355199996993,10288.526573560359
1624487485,500,,Aggregated,294.300000,0.000000,44,47,50,52,56,63,68,73,87,100,120,130,210,430,470,52579,0,56,61.416861976283336,33.55090399963956,468.22174600038124,10288.356967610644
1624487486,500,,Aggregated,294.500000,0.000000,44,47,50,52,56,63,68,73,87,100,120,130,210,430,470,52861,0,56,61.45609779631463,33.55090399963956,468.22174600038124,10290.266018425682
1624487487,500,,Aggregated,296.000000,0.000000,44,47,50,52,56,63,68,73,87,100,120,130,210,430,470,53155,0,56,61.459314012303416,33.55090399963956,468.22174600038124,10289.676079390461
1624487488,500,,Aggregated,295.300000,0.000000,44,47,50,52,56,63,68,73,87,100,120,130,210,430,470,53458,0,56,61.45858301257039,33.55090399963956,468.22174600038124,10289.59865688952
1624487489,500,,Aggregated,291.700000,0.000000,44,47,50,52,56,63,68,73,87,100,120,130,210,430,470,53745,0,56,61.45402866158695,33.55090399963956,468.22174600038124,10289.280249325519
1624487490,500,,Aggregated,291.800000,0.000000,44,47,50,52,56,63,68,73,87,100,120,130,210,430,470,54075,0,56,61.50053935158562,33.55090399963956,468.22174600038124,10291.944262598243
1624487491,500,,Aggregated,290.100000,0.000000,44,47,50,52,56,63,69,73,87,100,120,130,210,430,470,54381,0,56,61.50463177762459,33.55090399963956,468.22174600038124,10293.265864916055
1624487492,500,,Aggregated,294.700000,0.000000,44,47,50,52,56,63,69,73,87,100,120,130,210,430,470,54677,0,56,61.50707498050359,33.401475000573555,468.22174600038124,10294.043802695833
1624487493,500,,Aggregated,294.700000,0.000000,44,47,50,52,56,63,69,73,87,100,120,130,210,430,470,54957,0,56,61.52413039854779,33.401475000573555,468.22174600038124,10293.9732700111
1624487494,500,,Aggregated,298.600000,0.000000,44,47,50,52,56,63,69,73,87,100,120,130,210,430,470,55241,0,56,61.502599860990586,33.401475000573555,468.22174600038124,10293.32508462917
1624487495,500,,Aggregated,296.000000,0.000000,44,47,50,52,56,63,68,73,87,100,120,130,210,430,470,55527,0,56,61.472951324778634,33.401475000573555,468.22174600038124,10292.758441839105
1624487496,500,,Aggregated,295.500000,0.000000,44,47,50,52,56,63,68,73,87,100,120,130,210,430,470,55835,0,56,61.46475501420243,33.401475000573555,468.22174600038124,10293.972006805767
1624487497,500,,Aggregated,293.000000,0.000000,44,47,50,52,56,63,68,73,87,100,120,130,210,430,470,56131,0,56,61.4650526819226,33.401475000573555,468.22174600038124,10296.007927882987
1624487498,500,,Aggregated,293.600000,0.000000,44,47,50,52,56,63,68,73,87,100,120,130,210,430,470,56427,0,56,61.467329366562176,33.401475000573555,468.22174600038124,10297.68291775214
1624487499,500,,Aggregated,294.800000,0.000000,44,47,50,52,56,63,68,73,87,100,120,130,210,430,470,56727,0,56,61.45258581188837,33.401475000573555,468.22174600038124,10297.4729141326
1624487500,500,,Aggregated,294.800000,0.000000,44,47,50,52,56,63,68,73,87,100,120,130,210,430,470,57012,0,56,61.463516251736365,33.401475000573555,468.22174600038124,10298.504981407423
1624487501,500,,Aggregated,294.400000,0.000000,44,47,50,52,56,63,68,73,87,100,120,130,210,430,470,57301,0,56,61.46458511101026,33.401475000573555,468.22174600038124,10301.36739323921
1624487502,500,,Aggregated,290.100000,0.000000,44,47,50,52,56,63,68,73,87,100,120,130,210,430,470,57609,0,56,61.45983372861892,33.401475000573555,468.22174600038124,10301.4359735458
1624487503,500,,Aggregated,290.600000,0.000000,44,47,50,52,56,63,69,73,87,100,120,130,210,430,470,57897,0,56,61.47967921840513,33.401475000573555,468.22174600038124,10302.500578613744
1624487504,500,,Aggregated,289.300000,0.000000,44,47,50,52,56,63,68,73,87,100,120,130,210,430,470,58185,0,56,61.48431817306878,33.401475000573555,468.22174600038124,10302.282031451405
1624487505,500,,Aggregated,290.600000,0.000000,44,47,50,52,56,63,68,73,87,100,120,130,210,430,470,58471,0,56,61.47280662463455,33.401475000573555,468.22174600038124,10302.387593849942
1624487506,500,,Aggregated,292.200000,0.000000,44,47,50,52,56,63,68,73,87,100,120,130,210,430,470,58780,0,56,61.470937915056425,33.401475000573555,468.22174600038124,10304.168764886015
1624487507,500,,Aggregated,292.900000,0.000000,44,47,50,52,56,63,69,73,87,100,120,130,210,430,470,59084,0,56,61.48109210512197,33.401475000573555,468.22174600038124,10305.934246158013
1624487508,500,,Aggregated,294.100000,0.000000,44,47,50,52,56,63,69,73,87,100,120,130,210,430,470,59367,0,56,61.502401830899544,33.401475000573555,468.22174600038124,10306.573753095154
1624487509,500,,Aggregated,292.300000,0.000000,44,47,50,52,56,63,69,73,87,100,120,130,210,430,470,59691,0,56,61.51920587554255,33.401475000573555,468.22174600038124,10307.643715132934
1624487510,500,,Aggregated,290.400000,0.000000,44,47,50,52,56,63,69,73,87,100,120,130,210,430,470,59989,0,56,61.48834230315574,33.401475000573555,468.22174600038124,10307.595459167514
1624487511,500,,Aggregated,294.800000,0.000000,44,47,50,52,56,63,69,73,87,100,120,130,210,430,470,60271,0,56,61.47231560203105,33.401475000573555,468.22174600038124,10308.807884388843
1624487512,500,,Aggregated,296.300000,0.000000,44,47,50,52,56,63,68,73,87,100,120,130,210,430,470,60558,0,56,61.45838842413898,33.401475000573555,468.22174600038124,10310.269196472804
1624487513,500,,Aggregated,294.000000,0.000000,44,47,50,52,56,63,68,73,87,100,120,130,210,430,470,60847,0,56,61.45067639247645,33.401475000573555,468.22174600038124,10309.555212253685
1624487514,500,,Aggregated,294.000000,0.000000,44,47,50,52,56,63,68,73,87,100,120,130,210,430,470,61147,0,56,61.452395827039815,33.401475000573555,468.22174600038124,10311.010957201497
1624487515,500,,Aggregated,295.400000,0.000000,44,47,50,52,56,63,68,73,87,100,120,130,210,430,470,61450,0,56,61.44673421485755,33.401475000573555,468.22174600038124,10312.377200976403
1624487516,500,,Aggregated,293.000000,0.000000,44,47,50,52,56,63,68,73,87,100,120,130,210,430,470,61718,0,56,61.43149062108298,31.5897850005058,468.22174600038124,10312.200784212062
1624487517,500,,Aggregated,294.200000,0.000000,44,47,50,52,56,63,68,73,87,100,120,130,210,430,470,62018,0,56,61.436155852849,31.5897850005058,468.22174600038124,10312.994017865782
1624487518,500,,Aggregated,290.900000,0.000000,44,47,50,52,56,63,68,73,87,100,120,130,210,430,470,62324,0,56,61.446855507027784,31.5897850005058,468.22174600038124,10314.4751139208
1624487519,500,,Aggregated,291.000000,0.000000,44,47,50,52,56,63,68,73,87,100,120,130,210,430,470,62637,0,56,61.448842829717265,31.5897850005058,468.22174600038124,10316.143238022256
1624487520,500,,Aggregated,293.400000,0.000000,44,47,50,52,56,63,68,73,87,100,120,130,210,430,470,62934,0,56,61.43786032195632,31.5897850005058,468.22174600038124,10316.546254806623
1624487521,500,,Aggregated,290.100000,0.000000,44,47,50,52,56,63,68,73,87,100,120,130,210,430,470,63219,0,56,61.436431078236126,31.5897850005058,468.22174600038124,10316.2473623436
1624487522,500,,Aggregated,292.500000,0.000000,44,47,50,52,56,63,68,73,87,100,120,130,210,430,470,63496,0,56,61.415398698941644,31.5897850005058,468.22174600038124,10316.8334225778
1624487523,500,,Aggregated,292.400000,0.000000,44,47,50,52,56,63,68,73,87,100,120,130,210,430,470,63781,0,56,61.41948191292072,31.5897850005058,468.22174600038124,10317.956601495744
1624487524,500,,Aggregated,291.000000,0.000000,44,47,50,52,56,63,68,73,87,100,120,130,210,430,470,64067,0,56,61.416377995910494,31.5897850005058,468.22174600038124,10319.274806062404
1624487525,500,,Aggregated,291.100000,0.000000,44,47,50,52,56,63,68,73,87,100,120,130,210,430,470,64356,0,56,61.40945405586117,31.5897850005058,468.22174600038124,10318.471688731432
1624487526,500,,Aggregated,291.000000,0.000000,44,47,50,52,56,63,68,73,87,100,120,130,210,430,470,64663,0,56,61.414035078932415,31.5897850005058,468.22174600038124,10318.25764347463
1624487527,500,,Aggregated,288.700000,0.000000,44,47,50,52,56,63,68,73,87,100,120,130,210,430,470,64956,0,56,61.43937612991895,31.5897850005058,468.22174600038124,10318.712774801405
1624487528,500,,Aggregated,290.300000,0.000000,44,47,50,52,56,63,69,73,87,100,120,130,210,430,470,65265,0,56,61.49593831105514,31.5897850005058,468.22174600038124,10319.334926836742
1624487529,500,,Aggregated,289.900000,0.000000,44,47,50,52,56,63,69,73,87,100,120,130,210,430,470,65540,0,56,61.48525229263057,31.5897850005058,468.22174600038124,10319.397802868478
1624487530,500,,Aggregated,291.800000,0.000000,44,47,50,52,56,63,69,73,87,100,120,130,210,430,470,65846,0,56,61.481418208881465,31.5897850005058,468.22174600038124,10320.737280928226
1624487531,500,,Aggregated,291.400000,0.000000,44,47,50,52,56,63,69,73,87,100,120,130,210,430,470,66165,0,56,61.54871708002715,31.5897850005058,468.22174600038124,10321.059170256178
1624487532,500,,Aggregated,288.200000,0.000000,44,47,50,52,56,63,69,73,87,100,120,130,210,430,470,66440,0,56,61.52625242722729,31.5897850005058,468.22174600038124,10321.248810957255
1624487533,500,,Aggregated,290.500000,0.000000,44,47,50,52,56,63,69,73,87,100,120,130,210,430,470,66741,0,56,61.51817450170038,31.5897850005058,468.22174600038124,10320.996314109767
1624487534,500,,Aggregated,291.100000,0.000000,44,47,50,52,56,63,69,73,87,100,120,130,210,430,470,67014,0,56,61.51819374633633,31.5897850005058,468.22174600038124,10322.330945772525
1624487535,500,,Aggregated,292.000000,0.000000,44,47,50,52,56,63,69,73,87,100,120,130,210,430,470,67298,0,56,61.498641833768886,31.5897850005058,468.22174600038124,10323.14825106244
1624487536,500,,Aggregated,291.300000,0.000000,44,47,50,52,56,63,69,73,87,100,120,130,210,430,470,67601,0,56,61.50798749515522,31.5897850005058,468.22174600038124,10323.02313575243
1624487537,500,,Aggregated,292.100000,0.000000,44,47,50,52,56,63,69,73,87,100,120,130,210,430,470,67892,0,56,61.50875460017374,31.5897850005058,468.22174600038124,10323.449876274082
1624487538,500,,Aggregated,293.100000,0.000000,44,47,50,52,56,63,69,73,87,100,120,130,210,430,470,68187,0,56,61.53539365613666,31.5897850005058,468.22174600038124,10324.728599293121
1624487539,500,,Aggregated,292.200000,0.000000,44,47,50,52,56,63,69,73,87,100,120,130,210,430,470,68488,0,56,61.55034507627622,31.5897850005058,468.22174600038124,10327.801337460576
1624487540,500,,Aggregated,289.700000,0.000000,44,47,50,52,56,63,69,73,87,100,120,130,210,430,470,68791,0,56,61.54703655736931,31.5897850005058,468.22174600038124,10328.3867947842
1624487541,500,,Aggregated,290.700000,0.000000,44,47,50,52,56,63,69,73,87,100,120,130,210,430,470,69095,0,56,61.541127083927954,31.5897850005058,468.22174600038124,10328.654562558795
1624487542,500,,Aggregated,291.800000,0.000000,44,47,50,52,56,63,69,73,87,100,120,130,210,430,470,69396,0,56,61.523273788013725,31.5897850005058,468.22174600038124,10328.458153207677
1624487543,500,,Aggregated,291.000000,0.000000,44,47,50,52,56,63,69,73,87,100,120,130,210,430,470,69679,0,56,61.51697318487621,31.5897850005058,468.22174600038124,10329.958911580246
1624487544,500,,Aggregated,291.200000,0.000000,44,47,50,52,56,63,69,73,87,100,120,130,210,430,470,69984,0,56,61.5132522659464,31.5897850005058,468.22174600038124,10330.585519547325
1624487545,500,,Aggregated,292.200000,0.000000,44,47,50,52,56,63,69,73,87,100,120,130,210,420,470,70267,0,56,61.49823129491783,31.5897850005058,468.22174600038124,10332.189861528172
1624487546,500,,Aggregated,293.600000,0.000000,44,47,50,52,56,63,69,73,87,100,120,130,210,420,470,70553,0,56,61.49199030622361,31.5897850005058,468.22174600038124,10332.41320709254
1624487547,500,,Aggregated,294.100000,0.000000,44,47,50,52,56,63,69,73,87,100,120,130,210,420,470,70855,0,56,61.477618777545416,31.5897850005058,468.22174600038124,10332.048648648648
1624487548,500,,Aggregated,293.200000,0.000000,44,47,50,52,56,63,69,73,87,100,120,130,210,420,470,71138,0,56,61.46926579981135,31.5897850005058,468.22174600038124,10331.391731564003
1624487549,500,,Aggregated,293.100000,0.000000,44,47,50,52,56,63,68,73,87,100,120,130,210,420,470,71397,0,56,61.44671581501977,31.5897850005058,468.22174600038124,10332.252195470397
1624487550,500,,Aggregated,293.600000,0.000000,44,47,50,52,56,63,68,73,87,100,120,130,210,420,470,71694,0,56,61.42907440778808,31.5897850005058,468.22174600038124,10331.662370630736
1624487551,500,,Aggregated,291.800000,0.000000,44,47,50,52,56,63,68,73,87,100,120,130,210,420,470,71979,0,56,61.41450641198073,31.5897850005058,468.22174600038124,10331.75313633143
1624487552,500,,Aggregated,289.400000,0.000000,44,47,50,52,56,63,68,73,87,100,120,130,210,420,470,72279,0,56,61.413280663013616,31.5897850005058,468.22174600038124,10331.970738388743
1624487553,500,,Aggregated,288.300000,0.000000,44,47,50,52,56,63,68,73,87,100,120,130,210,420,470,72571,0,56,61.414726246599514,31.5897850005058,468.22174600038124,10332.538396880296
1624487554,500,,Aggregated,288.000000,0.000000,44,47,50,52,56,63,68,73,87,100,120,130,210,420,470,72864,0,56,61.42211959163603,31.5897850005058,468.22174600038124,10332.84401075977
1624487555,500,,Aggregated,285.400000,0.000000,44,47,50,52,56,63,68,73,87,100,120,130,200,420,470,73141,0,56,61.40562705077827,31.5897850005058,468.22174600038124,10332.153498038037
1624487556,500,,Aggregated,284.100000,0.000000,44,47,50,52,56,63,68,73,87,100,120,130,200,420,470,73436,0,56,61.40934495750004,31.5897850005058,468.22174600038124,10332.846628356665
1624487557,500,,Aggregated,284.600000,0.000000,44,47,50,52,56,63,68,73,87,100,120,130,200,420,470,73748,0,56,61.41745005065865,31.5897850005058,468.22174600038124,10333.860579269945
1624487558,500,,Aggregated,283.500000,0.000000,44,47,50,52,56,63,68,73,87,100,120,130,200,420,470,74056,0,56,61.42393104503301,31.5897850005058,468.22174600038124,10335.00995192827
1624487559,500,,Aggregated,287.200000,0.000000,44,47,50,52,56,63,68,73,87,100,120,130,200,420,470,74327,0,56,61.42333368066731,31.5897850005058,468.22174600038124,10336.057381570627
1624487560,500,,Aggregated,287.700000,0.000000,44,47,50,52,56,63,68,73,87,100,120,130,200,420,470,74653,0,56,61.43619439859042,31.5897850005058,468.22174600038124,10337.054317977843
1624487561,500,,Aggregated,290.200000,0.000000,44,47,50,52,56,63,68,73,87,100,120,130,200,420,470,74929,0,56,61.43483205954916,31.5897850005058,468.22174600038124,10337.29108889749
1624487562,500,,Aggregated,289.000000,0.000000,44,47,50,52,56,63,69,73,87,100,120,130,200,420,470,75236,0,56,61.43052769351056,31.5897850005058,468.22174600038124,10337.21071029826
1624487563,500,,Aggregated,291.500000,0.000000,44,47,50,52,56,63,68,73,87,100,120,130,200,420,470,75527,0,56,61.423153030134515,31.5897850005058,468.22174600038124,10337.521402941995
1624487564,500,,Aggregated,291.400000,0.000000,44,47,50,52,56,63,69,73,87,100,120,130,200,420,470,75824,0,56,61.46998284743567,31.5897850005058,468.22174600038124,10338.026350495886
1624487565,500,,Aggregated,292.600000,0.000000,44,47,50,52,56,63,69,73,87,100,120,130,200,420,470,76121,0,56,61.453454754627025,31.5897850005058,468.22174600038124,10337.299037059418
1624487566,500,,Aggregated,294.300000,0.000000,44,47,50,52,56,63,69,73,87,100,120,130,200,420,470,76407,0,56,61.44294844897675,31.5897850005058,468.22174600038124,10338.382700537908
1624487567,500,,Aggregated,293.800000,0.000000,44,47,50,52,56,63,69,73,87,100,120,130,200,420,470,76687,0,56,61.44333340602659,31.5897850005058,468.22174600038124,10338.783092310301
1624487568,500,,Aggregated,296.300000,0.000000,44,47,50,52,56,63,69,73,87,100,120,130,200,420,470,76974,0,56,61.452729552510654,31.5897850005058,468.22174600038124,10339.93301634318
1624487569,500,,Aggregated,291.300000,0.000000,44,47,50,52,56,63,69,73,87,100,120,130,200,420,470,77276,0,56,61.458270172200194,31.5897850005058,468.22174600038124,10341.021261452455
1624487570,500,,Aggregated,291.500000,0.000000,44,47,50,52,56,63,69,73,87,100,120,130,200,420,470,77591,0,56,61.46909497674908,31.5897850005058,468.22174600038124,10340.921382634584
1624487571,500,,Aggregated,287.900000,0.000000,44,47,50,52,56,63,69,73,87,100,120,130,200,420,470,77893,0,56,61.461425759759315,31.5897850005058,468.22174600038124,10341.374475241677
1624487572,500,,Aggregated,291.200000,0.000000,44,47,50,52,56,63,69,73,87,100,120,130,200,420,470,78159,0,56,61.447461901814776,31.5897850005058,468.22174600038124,10340.648306656944
1624487573,500,,Aggregated,292.500000,0.000000,44,47,50,52,56,63,69,73,87,100,120,130,200,420,470,78442,0,56,61.4354797042013,31.5897850005058,468.22174600038124,10340.369126233396
1624487574,500,,Aggregated,293.000000,0.000000,44,47,50,52,56,63,69,73,87,100,120,130,200,420,470,78764,0,56,61.461013604641145,31.5897850005058,468.22174600038124,10341.212292417857
1624487575,500,,Aggregated,290.500000,0.000000,44,47,50,52,56,63,69,73,87,100,120,130,200,420,470,79028,0,56,61.42992471016528,31.5897850005058,468.22174600038124,10340.989130434782
1624487576,500,,Aggregated,288.600000,0.000000,44,47,50,52,56,63,69,73,87,100,120,130,200,420,470,79325,0,56,61.43165520715964,31.5897850005058,468.22174600038124,10341.663031831074
1624487577,500,,Aggregated,292.300000,0.000000,44,47,50,52,56,63,69,73,87,100,120,130,200,420,470,79640,0,56,61.44519469924586,31.5897850005058,468.22174600038124,10343.28168006027
1624487578,500,,Aggregated,287.900000,0.000000,44,47,50,52,56,63,69,73,87,100,120,130,200,420,470,79950,0,56,61.45281775000563,31.5897850005058,468.22174600038124,10344.584390243903
1624487579,500,,Aggregated,290.600000,0.000000,44,47,50,52,56,63,69,73,87,100,120,130,200,400,470,80239,0,56,61.446435314671874,31.5897850005058,468.22174600038124,10346.597203354977
1624487580,500,,Aggregated,292.100000,0.000000,44,47,50,52,56,63,69,73,87,100,120,130,200,400,470,80558,0,56,61.45364259482564,31.5897850005058,468.22174600038124,10347.449638769582
1624487581,500,,Aggregated,295.200000,0.000000,44,47,50,52,56,63,69,73,87,100,120,130,200,400,470,80831,0,56,61.45075075028112,31.5897850005058,468.22174600038124,10348.16206653388
1624487582,500,,Aggregated,294.900000,0.000000,44,47,50,52,56,63,69,73,87,100,120,130,200,400,470,81155,0,56,61.44716960913016,31.5897850005058,468.22174600038124,10348.137317478899
1624487583,500,,Aggregated,294.200000,0.000000,44,47,50,52,56,63,69,73,87,100,120,130,200,400,470,81427,0,56,61.44861129359991,31.5897850005058,468.22174600038124,10348.676630601643
1624487584,500,,Aggregated,292.100000,0.000000,44,47,50,52,56,63,69,73,87,100,120,130,200,400,470,81724,0,56,61.43902975754955,31.5897850005058,468.22174600038124,10348.582448240419
1624487586,500,,Aggregated,297.200000,0.000000,44,47,50,52,56,63,69,73,87,100,120,130,200,400,470,82035,0,56,61.44386084473671,31.5897850005058,468.22174600038124,10349.30446760529
1624487587,500,,Aggregated,293.400000,0.000000,44,47,50,52,56,63,69,73,87,100,120,130,200,400,470,82313,0,56,61.425437093496434,31.5897850005058,468.22174600038124,10349.400641453962
1624487588,500,,Aggregated,298.300000,0.000000,44,47,50,52,56,63,69,73,87,100,120,130,200,400,470,82610,0,56,61.41921676505244,31.5897850005058,468.22174600038124,10349.544885607069
1624487589,500,,Aggregated,296.400000,0.000000,44,47,50,52,56,63,68,73,87,100,120,130,200,400,470,82889,0,56,61.40927944611459,31.5897850005058,468.22174600038124,10349.882445197794
1624487590,500,,Aggregated,294.500000,0.000000,44,47,50,52,56,63,68,73,87,100,120,130,190,400,470,83190,0,56,61.40442516372164,31.5897850005058,468.22174600038124,10350.387438394038
1624487591,500,,Aggregated,291.500000,0.000000,44,47,50,52,56,63,69,73,87,100,120,130,190,400,470,83478,0,56,61.4080367163206,31.5897850005058,468.22174600038124,10350.670320323918
1624487592,500,,Aggregated,292.000000,0.000000,44,47,50,52,56,63,69,73,87,100,120,130,190,400,470,83778,0,56,61.40665539672724,31.5897850005058,468.22174600038124,10350.916589080665
1624487593,500,,Aggregated,289.800000,0.000000,44,47,50,52,56,63,68,73,87,100,120,130,190,400,470,84063,0,56,61.40356886706406,31.5897850005058,468.22174600038124,10351.821812212269
1624487594,500,,Aggregated,291.300000,0.000000,44,47,50,52,56,63,69,73,87,100,120,130,190,400,470,84368,0,56,61.41209748635753,31.5897850005058,468.22174600038124,10352.52453536886
1624487595,500,,Aggregated,288.400000,0.000000,44,47,50,52,56,63,69,73,87,100,120,130,190,400,470,84662,0,56,61.41074945208015,31.5897850005058,468.22174600038124,10351.708700479554
1624487596,500,,Aggregated,291.500000,0.000000,44,47,50,52,56,63,69,73,87,100,120,130,190,400,470,84966,0,56,61.41967173834267,31.5897850005058,468.22174600038124,10352.81957488878
1624487597,500,,Aggregated,292.300000,0.000000,44,47,50,52,56,63,69,73,87,100,120,130,190,400,470,85261,0,56,61.41319944470536,31.5897850005058,468.22174600038124,10352.513787077327
1624487598,500,,Aggregated,290.300000,0.000000,44,47,50,52,56,63,69,73,87,100,120,130,190,400,470,85547,0,56,61.429874650192694,31.5897850005058,468.22174600038124,10352.841549089973
1624487599,500,,Aggregated,291.200000,0.000000,44,47,50,52,56,63,69,73,87,100,120,130,190,400,470,85827,0,56,61.41059373854417,31.5897850005058,468.22174600038124,10352.53329371876
1624487600,500,,Aggregated,291.300000,0.000000,44,47,50,52,56,63,68,73,87,100,120,130,190,400,470,86126,0,56,61.40314566027709,31.5897850005058,468.22174600038124,10352.702285024267
1624487601,500,,Aggregated,292.200000,0.000000,44,47,50,52,56,63,69,73,87,100,120,130,190,400,470,86421,0,56,61.40833144359612,31.5897850005058,468.22174600038124,10352.436236562873
1624487602,500,,Aggregated,291.800000,0.000000,44,47,50,52,56,63,69,73,87,100,120,130,190,400,470,86715,0,56,61.401130529908585,31.5897850005058,468.22174600038124,10352.848434526899
1624487603,500,,Aggregated,291.900000,0.000000,44,47,50,52,56,63,68,73,87,100,120,130,190,400,470,87003,0,56,61.39107092579596,31.5897850005058,468.22174600038124,10352.049986782065
1624487604,500,,Aggregated,291.300000,0.000000,44,47,50,52,56,63,68,73,87,100,120,130,190,400,470,87305,0,56,61.385926157631545,31.5897850005058,468.22174600038124,10352.66808315675
1624487605,500,,Aggregated,291.100000,0.000000,44,47,50,52,56,63,68,73,87,100,120,130,190,400,470,87595,0,56,61.36924353409453,31.5897850005058,468.22174600038124,10354.257685940978
1624487606,500,,Aggregated,290.500000,0.000000,44,47,50,52,56,63,68,73,87,100,120,130,190,400,470,87894,0,56,61.38337957988035,31.5897850005058,468.22174600038124,10353.841047170456
1624487607,500,,Aggregated,290.100000,0.000000,44,47,50,52,56,63,68,73,87,100,120,130,190,400,470,88164,0,56,61.37035981719284,31.5897850005058,468.22174600038124,10354.501395127263
1624487608,500,,Aggregated,289.600000,0.000000,44,47,50,52,56,63,69,73,87,100,120,130,190,400,470,88467,0,56,61.38549091231744,31.5897850005058,468.22174600038124,10355.040591406965
1624487609,500,,Aggregated,289.500000,0.000000,44,47,50,52,56,63,69,73,87,100,120,130,190,400,470,88771,0,56,61.405108895821876,31.5897850005058,468.22174600038124,10355.48394182785
1624487610,500,,Aggregated,289.000000,0.000000,44,47,50,52,56,63,69,73,87,100,120,130,190,400,470,89079,0,56,61.408483189842805,31.5897850005058,468.22174600038124,10356.56160262239
1624487611,500,,Aggregated,290.800000,0.000000,44,47,50,52,56,63,69,73,87,100,120,130,190,400,470,89370,0,56,61.403103652478656,31.5897850005058,468.22174600038124,10356.458487188094
1624487612,500,,Aggregated,292.700000,0.000000,44,47,50,52,56,63,69,73,87,100,120,130,190,400,470,89674,0,56,61.40308581975845,31.5897850005058,468.22174600038124,10356.48239177465
1624487613,500,,Aggregated,290.000000,0.000000,44,47,50,52,56,63,69,73,87,100,120,130,190,400,470,89958,0,56,61.409306272371765,31.5897850005058,468.22174600038124,10356.532137219592
1624487614,500,,Aggregated,293.100000,0.000000,44,47,50,52,56,63,69,73,87,100,120,130,190,390,470,90250,0,56,61.39521275660958,31.5897850005058,468.22174600038124,10355.5131966759
1624487615,500,,Aggregated,292.700000,0.000000,44,47,50,52,56,63,69,73,87,100,120,130,190,390,470,90553,0,56,61.39126701469867,31.5897850005058,468.22174600038124,10356.792430952039
1624487616,500,,Aggregated,293.700000,0.000000,44,47,50,52,56,63,69,73,87,100,120,130,190,390,470,90855,0,56,61.385176473182526,31.5897850005058,468.22174600038124,10357.556931374167
1624487617,500,,Aggregated,293.900000,0.000000,44,47,50,52,56,63,69,73,87,100,120,130,190,390,470,91141,0,56,61.386448907604525,31.5897850005058,468.22174600038124,10358.493905048223
1624487618,500,,Aggregated,292.600000,0.000000,44,47,50,52,56,63,69,73,87,100,120,130,190,390,470,91436,0,56,61.38648159955581,31.5897850005058,468.22174600038124,10358.421070475524
1624487619,500,,Aggregated,294.900000,0.000000,44,47,50,52,56,63,69,73,87,100,120,130,190,390,470,91729,0,56,61.38336759993019,31.5897850005058,468.22174600038124,10358.625505565307
1624487620,500,,Aggregated,295.800000,0.000000,44,47,50,52,56,63,69,73,87,100,120,130,190,390,470,92023,0,56,61.375837550525375,31.5897850005058,468.22174600038124,10358.303391543419
1624487621,500,,Aggregated,292.700000,0.000000,44,47,50,52,56,63,69,73,87,100,120,130,190,390,470,92304,0,56,61.37973467527941,31.5897850005058,468.22174600038124,10358.294505113538
1624487622,500,,Aggregated,290.500000,0.000000,44,47,50,52,56,63,69,73,87,100,120,130,190,390,470,92614,0,56,61.386161381940006,31.5897850005058,468.22174600038124,10358.179324940074
1624487623,500,,Aggregated,293.800000,0.000000,44,47,50,52,56,63,69,73,87,100,120,130,190,390,470,92911,0,56,61.40197246173197,31.5897850005058,468.22174600038124,10359.170571837565
1624487624,500,,Aggregated,291.600000,0.000000,44,47,50,52,56,63,69,73,87,100,120,130,190,390,470,93224,0,56,61.404716242812825,31.5897850005058,468.22174600038124,10358.712134214366
1624487625,500,,Aggregated,292.800000,0.000000,44,47,50,52,56,63,69,73,87,100,120,130,190,390,470,93490,0,56,61.40032701255731,31.5897850005058,468.22174600038124,10359.162316825328
1624487626,500,,Aggregated,290.600000,0.000000,44,47,50,52,56,63,69,73,87,100,120,130,190,390,470,93790,0,56,61.4009743251731,31.5897850005058,468.22174600038124,10358.799605501652
1624487627,500,,Aggregated,288.800000,0.000000,44,47,50,52,56,63,69,73,87,100,120,130,190,390,470,94074,0,56,61.40421016951534,31.5897850005058,468.22174600038124,10358.591853221931
1624487628,500,,Aggregated,292.200000,0.000000,44,47,50,52,56,63,69,73,87,100,120,130,190,390,470,94400,0,56,61.44138087260584,31.5897850005058,468.22174600038124,10359.153675847458
1624487629,500,,Aggregated,290.500000,0.000000,44,47,50,52,56,63,69,73,87,100,120,130,190,390,470,94677,0,56,61.44005138262708,31.5897850005058,468.22174600038124,10358.612957740528
1624487630,500,,Aggregated,291.100000,0.000000,44,47,50,52,56,63,69,73,87,100,120,130,190,390,470,94976,0,56,61.45489102279508,31.5897850005058,468.22174600038124,10358.562047254043
1624487631,500,,Aggregated,293.000000,0.000000,44,47,50,52,56,63,69,73,87,100,120,130,190,390,470,95268,0,56,61.44459477540197,31.5897850005058,468.22174600038124,10358.93332493597
1624487632,500,,Aggregated,292.700000,0.000000,44,47,50,52,56,63,69,73,87,100,120,130,190,390,470,95564,0,56,61.43526036167372,31.5897850005058,468.22174600038124,10358.963417186389
1624487633,500,,Aggregated,292.500000,0.000000,44,47,50,52,56,63,69,73,87,100,120,130,190,390,470,95854,0,56,61.43298685064791,31.5897850005058,468.22174600038124,10359.11196194212
1624487634,500,,Aggregated,290.100000,0.000000,44,47,50,52,56,63,69,73,87,100,120,130,190,430,490,96143,0,56,61.48257027647367,31.5897850005058,490.23095200027456,10360.00508617372
1624487635,500,,Aggregated,288.900000,0.000000,44,47,50,52,56,63,69,73,87,100,120,130,190,430,490,96471,0,56,61.486797263105025,31.5897850005058,490.23095200027456,10360.09995750018
1624487636,500,,Aggregated,290.700000,0.000000,44,47,50,52,56,63,69,73,87,100,120,130,190,430,490,96797,0,56,61.50215700927707,31.5897850005058,490.23095200027456,10360.040879366095
1624487637,500,,Aggregated,295.400000,0.000000,44,47,50,52,56,63,69,73,87,100,120,130,190,430,490,97079,0,56,61.497991687985945,31.5897850005058,490.23095200027456,10359.724379113917
1624487638,500,,Aggregated,296.400000,0.000000,44,47,50,52,56,63,69,73,87,100,120,130,190,430,490,97373,0,56,61.50485669205001,31.5897850005058,490.23095200027456,10360.088679613445
1624487639,500,,Aggregated,294.800000,0.000000,44,47,50,52,56,63,69,73,87,100,120,130,190,430,490,97657,0,56,61.49835741380526,31.5897850005058,490.23095200027456,10360.092374330565
1624487640,500,,Aggregated,295.900000,0.000000,44,47,50,52,56,63,69,73,87,100,120,130,190,430,490,97961,0,56,61.50205611311619,31.5897850005058,490.23095200027456,10359.695450230194
1624487641,500,,Aggregated,294.600000,0.000000,44,47,50,52,56,63,69,73,87,100,120,130,190,430,490,98244,0,56,61.50120268846923,31.5897850005058,490.23095200027456,10359.551992997027
1624487642,500,,Aggregated,295.200000,0.000000,44,47,50,52,56,63,69,73,87,100,120,130,190,430,490,98557,0,56,61.492385470356886,31.5897850005058,490.23095200027456,10360.02877522652
1624487643,500,,Aggregated,295.800000,0.000000,44,47,50,52,56,63,69,73,87,100,120,130,190,430,490,98865,0,56,61.49119156292888,31.5897850005058,490.23095200027456,10359.670055125676
1624487644,500,,Aggregated,294.700000,0.000000,44,47,50,52,56,63,69,73,87,100,120,130,190,430,490,99142,0,56,61.48062052181681,31.5897850005058,490.23095200027456,10360.385971636642
1624487645,500,,Aggregated,299.600000,0.000000,44,47,50,52,56,63,69,73,87,100,120,130,190,430,490,99442,0,56,61.476491495494585,31.5897850005058,490.23095200027456,10360.243941191851
1624487646,500,,Aggregated,298.000000,0.000000,44,47,50,52,56,63,69,73,87,100,120,130,190,430,490,99727,0,56,61.46917951120528,31.5897850005058,490.23095200027456,10360.175007771215
1624487647,500,,Aggregated,295.000000,0.000000,44,47,50,52,56,63,69,73,87,100,120,130,190,430,490,100023,0,56,61.47145338443128,31.45271599987609,490.23095200027456,10360.806524499365
1624487648,500,,Aggregated,291.500000,0.000000,44,47,50,52,56,63,69,73,87,100,120,130,190,430,490,100298,0,56,61.471140742038344,31.45271599987609,490.23095200027456,10361.28234860117
1624487649,500,,Aggregated,292.400000,0.000000,44,47,50,52,56,63,69,73,87,100,120,130,190,430,490,100617,0,56,61.47332784930943,31.45271599987609,490.23095200027456,10361.993430533608
1624487650,500,,Aggregated,290.500000,0.000000,44,47,50,52,56,63,69,73,87,100,120,130,190,430,490,100894,0,56,61.468368508810805,31.45271599987609,490.23095200027456,10361.829187067615
1624487651,500,,Aggregated,291.600000,0.000000,44,47,50,52,56,63,69,73,87,100,120,130,190,430,490,101188,0,56,61.46200797544135,31.45271599987609,490.23095200027456,10362.554798988022
1624487652,500,,Aggregated,292.600000,0.000000,44,47,50,52,56,63,69,73,87,100,120,130,190,430,490,101474,0,56,61.45198499594941,31.45271599987609,490.23095200027456,10361.628436840963
1624487653,500,,Aggregated,289.800000,0.000000,44,47,50,52,56,63,69,73,87,100,120,130,200,430,490,101784,0,56,61.48956178238193,31.45271599987609,490.23095200027456,10361.703813958971
1624487654,500,,Aggregated,294.200000,0.000000,44,47,50,52,56,63,69,73,87,100,120,130,200,430,490,102078,0,56,61.4834096294398,31.45271599987609,490.23095200027456,10361.797145320244
1624487655,500,,Aggregated,290.300000,0.000000,44,47,50,52,56,63,69,73,87,100,120,130,200,430,490,102351,0,56,61.47194767758938,31.45271599987609,490.23095200027456,10361.479164834735
1624487656,500,,Aggregated,292.200000,0.000000,44,47,50,52,56,63,69,73,87,100,120,130,200,430,490,102645,0,56,61.465463887388054,31.45271599987609,490.23095200027456,10361.747255102538
1624487657,500,,Aggregated,288.500000,0.000000,44,47,50,52,56,63,69,73,87,100,120,130,200,430,490,102921,0,56,61.4600331663698,31.45271599987609,490.23095200027456,10362.366348947251
1624487658,500,,Aggregated,289.500000,0.000000,44,47,50,52,56,63,69,73,87,100,120,130,200,430,490,103242,0,56,61.468181805330616,31.45271599987609,490.23095200027456,10362.55470641793
1624487659,500,,Aggregated,289.000000,0.000000,44,47,50,52,56,63,69,73,87,100,120,130,200,430,490,103521,0,56,61.45485140014048,31.45271599987609,490.23095200027456,10361.92781174834
1624487660,500,,Aggregated,288.500000,0.000000,44,47,50,52,56,63,69,73,87,100,120,130,200,430,490,103810,0,56,61.457650358529385,31.45271599987609,490.23095200027456,10362.24165301994
1624487661,500,,Aggregated,290.100000,0.000000,44,47,50,52,56,63,69,73,87,100,120,130,200,430,490,104141,0,56,61.46936504998935,31.45271599987609,490.23095200027456,10363.206614109717
1624487662,500,,Aggregated,288.100000,0.000000,44,47,50,52,56,63,69,73,87,100,120,130,200,430,490,104429,0,56,61.487452869863155,31.45271599987609,490.23095200027456,10363.67336659357
1624487663,500,,Aggregated,289.800000,0.000000,44,47,50,52,56,63,69,73,87,100,120,130,200,430,490,104753,0,56,61.50372366483948,31.45271599987609,490.23095200027456,10363.886122593147
1624487664,500,,Aggregated,292.500000,0.000000,44,47,50,52,56,63,69,73,87,100,120,130,200,430,490,105048,0,56,61.49490710792134,31.45271599987609,490.23095200027456,10363.740156880664
1624487665,500,,Aggregated,291.300000,0.000000,44,47,50,52,56,63,69,73,87,100,120,130,200,430,490,105327,0,56,61.48594155600108,31.45271599987609,490.23095200027456,10363.960124184681
1624487666,500,,Aggregated,292.800000,0.000000,44,47,50,52,56,63,69,73,87,100,120,130,200,430,490,105624,0,56,61.48438803040905,31.45271599987609,490.23095200027456,10364.379260395364
1624487667,500,,Aggregated,296.500000,0.000000,44,47,50,52,56,63,69,73,87,100,120,130,200,430,490,105912,0,56,61.47383777210248,31.45271599987609,490.23095200027456,10364.181867965859
1624487668,500,,Aggregated,294.200000,0.000000,44,47,50,52,56,63,69,73,87,100,120,130,200,430,490,106185,0,56,61.469642051908664,31.45271599987609,490.23095200027456,10363.87403117201
1624487669,500,,Aggregated,295.800000,0.000000,44,47,50,52,56,63,69,73,87,100,120,130,200,430,490,106495,0,56,61.46435182516481,31.45271599987609,490.23095200027456,10363.667768439833
1624487670,500,,Aggregated,295.300000,0.000000,44,47,50,52,56,63,69,73,87,100,120,130,200,430,490,106778,0,56,61.455591817264974,31.45271599987609,490.23095200027456,10363.634119387889
1624487671,500,,Aggregated,292.500000,0.000000,44,47,50,52,56,63,69,73,87,100,120,130,200,430,490,107090,0,56,61.45228475454213,31.45271599987609,490.23095200027456,10362.94808105332
1624487672,500,,Aggregated,294.200000,0.000000,44,47,50,52,56,63,69,73,87,100,120,130,200,430,490,107382,0,56,61.43913948777197,31.45271599987609,490.23095200027456,10362.94477659198
1624487673,500,,Aggregated,295.000000,0.000000,44,47,50,52,56,63,69,73,87,100,120,130,200,430,490,107692,0,56,61.42959186496603,31.45271599987609,490.23095200027456,10362.472105634588
1624487674,500,,Aggregated,292.600000,0.000000,44,47,50,52,56,63,69,73,87,100,120,130,200,430,490,107978,0,56,61.4192188919125,31.45271599987609,490.23095200027456,10361.860240048898
1624487675,500,,Aggregated,291.000000,0.000000,44,47,50,52,56,63,69,73,87,99,120,130,200,430,490,108249,0,56,61.405582988128515,31.45271599987609,490.23095200027456,10361.207687830834
1624487676,500,,Aggregated,291.900000,0.000000,44,47,50,52,56,63,69,73,87,99,120,130,200,430,490,108553,0,56,61.40237608590194,31.45271599987609,490.23095200027456,10360.405810986338
1624487677,500,,Aggregated,288.600000,0.000000,44,47,50,52,56,63,69,73,87,99,120,130,200,430,490,108827,0,56,61.390206320608975,31.45271599987609,490.23095200027456,10359.850708004447
1624487678,500,,Aggregated,290.600000,0.000000,44,47,50,52,56,63,69,73,87,99,120,130,190,430,490,109142,0,56,61.400610167230845,31.45271599987609,490.23095200027456,10361.297758882924
1624487679,500,,Aggregated,290.200000,0.000000,44,47,50,52,56,63,69,73,87,99,120,130,190,430,490,109446,0,56,61.39364518360563,31.45271599987609,490.23095200027456,10361.348400124261
1624487680,500,,Aggregated,290.400000,0.000000,44,47,50,52,56,63,69,73,87,99,120,130,190,430,490,109750,0,56,61.395934306112984,31.45271599987609,490.23095200027456,10361.5705785877
1624487681,500,,Aggregated,293.400000,0.000000,44,47,50,52,56,63,69,73,87,99,120,130,190,430,490,110060,0,56,61.395578885743234,31.45271599987609,490.23095200027456,10361.430019989097
1624487682,500,,Aggregated,293.000000,0.000000,44,47,50,52,56,63,69,73,87,99,120,130,190,430,490,110330,0,56,61.38198392469768,31.45271599987609,490.23095200027456,10361.5101060455
1624487683,500,,Aggregated,293.300000,0.000000,44,47,50,52,56,63,69,73,87,99,120,130,190,430,490,110626,0,56,61.37567184085025,31.45271599987609,490.23095200027456,10361.192965487318
1624487684,500,,Aggregated,293.300000,0.000000,44,47,50,52,56,63,69,73,87,99,120,130,190,430,490,110906,0,56,61.364302244241905,31.45271599987609,490.23095200027456,10360.635430003787
1624487685,500,,Aggregated,293.500000,0.000000,44,47,50,52,56,63,69,73,87,99,120,130,190,430,490,111199,0,56,61.35235507044919,31.45271599987609,490.23095200027456,10360.026960674108
1624487686,500,,Aggregated,290.300000,0.000000,44,47,50,52,56,63,68,73,87,99,120,130,190,430,490,111462,0,56,61.342603564262994,31.45271599987609,490.23095200027456,10360.002673556908
1624487687,500,,Aggregated,291.000000,0.000000,44,47,50,52,56,63,68,73,87,99,120,130,200,430,490,111766,0,56,61.378228217739576,31.45271599987609,490.23095200027456,10360.93345024426
1624487688,500,,Aggregated,291.700000,0.000000,44,47,50,52,56,63,69,73,87,99,120,130,200,430,490,112051,0,56,61.3821213099025,31.45271599987609,490.23095200027456,10361.14247976368
1624487689,500,,Aggregated,287.900000,0.000000,44,47,50,52,56,63,68,73,87,99,120,130,200,430,490,112351,0,56,61.37861210511613,31.45271599987609,490.23095200027456,10361.3058094721
1624487690,500,,Aggregated,289.900000,0.000000,44,47,50,52,56,63,69,73,87,99,120,130,200,430,490,112664,0,56,61.38677647029137,31.45271599987609,490.23095200027456,10361.421811758859
1624487691,500,,Aggregated,287.700000,0.000000,44,47,50,52,56,63,69,73,87,99,120,130,200,430,490,112947,0,56,61.38148176592479,31.45271599987609,490.23095200027456,10361.70719009801
1624487692,500,,Aggregated,287.700000,0.000000,44,47,50,52,56,63,69,73,87,99,120,130,200,430,490,113268,0,56,61.3895414339788,31.45271599987609,490.23095200027456,10361.199208955752
1624487693,500,,Aggregated,289.300000,0.000000,44,47,50,52,56,63,69,73,87,99,120,130,200,430,490,113555,0,56,61.38840637006652,31.45271599987609,490.23095200027456,10361.087613931575
1624487695,500,,Aggregated,290.800000,0.000000,44,47,50,52,56,63,69,73,87,99,120,130,200,430,490,113870,0,56,61.41750508622045,31.45271599987609,490.23095200027456,10361.012725037323
1624487696,500,,Aggregated,290.100000,0.000000,44,47,50,52,56,63,69,73,87,99,120,130,200,430,490,114165,0,56,61.413689015941145,31.45271599987609,490.23095200027456,10361.524460211098
1624487697,500,,Aggregated,294.200000,0.000000,44,47,50,52,56,63,69,73,87,99,120,130,200,430,490,114458,0,56,61.40271936908664,31.45271599987609,490.23095200027456,10361.450470915095
1624487698,500,,Aggregated,293.900000,0.000000,44,47,50,52,56,63,69,73,87,99,120,130,200,430,490,114741,0,56,61.40487671298763,31.45271599987609,490.23095200027456,10361.548034268482
1624487699,500,,Aggregated,297.500000,0.000000,44,47,50,52,56,63,69,73,87,99,120,130,200,430,490,115046,0,56,61.41080653741037,31.45271599987609,490.23095200027456,10361.56822488396
1624487700,500,,Aggregated,294.500000,0.000000,44,47,50,52,56,63,69,73,87,99,120,130,200,430,490,115330,0,56,61.399716241506184,31.45271599987609,490.23095200027456,10360.994736842105
